day,segment,segment_volume,unique_wallets,wallet_day_observations
2025-09-02 00:00:00+00:00,Mid,33932058.83283069,3484,3484
2025-09-02 00:00:00+00:00,Retail,14270028.169916065,23715,23715
2025-09-02 00:00:00+00:00,Whale,1111113769.012342,2341,2341
2025-09-03 00:00:00+00:00,Mid,29671266.246295575,3227,3227
2025-09-03 00:00:00+00:00,Retail,11498502.081577824,20045,20045
2025-09-03 00:00:00+00:00,Whale,890617070.3047359,2153,2153
2025-09-04 00:00:00+00:00,Mid,27207318.97782768,3184,3184
2025-09-04 00:00:00+00:00,Retail,12209796.950487928,19492,19492
2025-09-04 00:00:00+00:00,Whale,868824862.8083681,2189,2189
2025-09-05 00:00:00+00:00,Mid,24704010.28680065,2807,2807
2025-09-05 00:00:00+00:00,Retail,9894073.859955134,17566,17566
2025-09-05 00:00:00+00:00,Whale,960517017.8886211,2248,2248
2025-09-06 00:00:00+00:00,Mid,16593257.850896746,2279,2279
2025-09-06 00:00:00+00:00,Retail,7905319.076988708,16446,16446
2025-09-06 00:00:00+00:00,Whale,389992059.3224922,1771,1771
2025-09-07 00:00:00+00:00,Mid,16322419.248937545,2425,2425
2025-09-07 00:00:00+00:00,Retail,8431404.525003625,17532,17532
2025-09-07 00:00:00+00:00,Whale,325129890.50512135,1739,1739
2025-09-08 00:00:00+00:00,Mid,21529219.720893335,2801,2801
2025-09-08 00:00:00+00:00,Retail,9997464.04532542,17590,17590
2025-09-08 00:00:00+00:00,Whale,518153200.76617503,2030,2030
2025-09-09 00:00:00+00:00,Mid,21722854.683595583,2859,2859
2025-09-09 00:00:00+00:00,Retail,10421863.233239401,18447,18447
2025-09-09 00:00:00+00:00,Whale,650113745.6204667,2147,2147
2025-09-10 00:00:00+00:00,Mid,24217509.69894505,3018,3018
2025-09-10 00:00:00+00:00,Retail,11275680.38169128,20539,20539
2025-09-10 00:00:00+00:00,Whale,673110074.9615011,2255,2255
2025-09-11 00:00:00+00:00,Mid,24285417.23724245,3069,3069
2025-09-11 00:00:00+00:00,Retail,11276396.072670778,20288,20288
2025-09-11 00:00:00+00:00,Whale,718530693.4211538,2216,2216
2025-09-12 00:00:00+00:00,Mid,29789161.979791194,3529,3529
2025-09-12 00:00:00+00:00,Retail,13831736.731312048,21942,21942
2025-09-12 00:00:00+00:00,Whale,742340471.0375725,2316,2316
2025-09-13 00:00:00+00:00,Mid,25764484.885902673,3025,3025
2025-09-13 00:00:00+00:00,Retail,12720388.67804758,21447,21447
2025-09-13 00:00:00+00:00,Whale,616614794.3340133,2170,2170
2025-09-14 00:00:00+00:00,Mid,20881675.62388324,2728,2728
2025-09-14 00:00:00+00:00,Retail,10477490.146815615,19325,19325
2025-09-14 00:00:00+00:00,Whale,560040896.5443926,2112,2112
2025-09-15 00:00:00+00:00,Mid,26550881.08208032,3283,3283
2025-09-15 00:00:00+00:00,Retail,12698642.936415568,18398,18398
2025-09-15 00:00:00+00:00,Whale,898869763.5786301,2284,2284
2025-09-16 00:00:00+00:00,Mid,25270690.414439216,3164,3164
2025-09-16 00:00:00+00:00,Retail,13289606.588348243,19825,19825
2025-09-16 00:00:00+00:00,Whale,643364807.0774552,2065,2065
2025-09-17 00:00:00+00:00,Mid,29234297.71542459,3531,3531
2025-09-17 00:00:00+00:00,Retail,15095291.382169595,22259,22259
2025-09-17 00:00:00+00:00,Whale,774057883.7808224,2357,2357
2025-09-18 00:00:00+00:00,Mid,34101388.40016702,4059,4059
2025-09-18 00:00:00+00:00,Retail,18663642.91783894,30478,30478
2025-09-18 00:00:00+00:00,Whale,667260788.2843302,2345,2345
2025-09-19 00:00:00+00:00,Mid,27316248.019754883,3572,3572
2025-09-19 00:00:00+00:00,Retail,16706969.202755136,29909,29909
2025-09-19 00:00:00+00:00,Whale,616426779.2538602,2207,2207
2025-09-20 00:00:00+00:00,Mid,22567844.367782455,2988,2988
2025-09-20 00:00:00+00:00,Retail,11182882.145115815,24234,24234
2025-09-20 00:00:00+00:00,Whale,336861492.6370986,1924,1924
2025-09-21 00:00:00+00:00,Mid,22268650.764956832,2968,2968
2025-09-21 00:00:00+00:00,Retail,10800329.901791643,23568,23568
2025-09-21 00:00:00+00:00,Whale,447405525.7783303,1889,1889
2025-09-22 00:00:00+00:00,Mid,39404023.01985329,4440,4440
2025-09-22 00:00:00+00:00,Retail,15023432.448613986,22029,22029
2025-09-22 00:00:00+00:00,Whale,1022016112.1894621,2747,2747
2025-09-23 00:00:00+00:00,Mid,26325451.85950624,3394,3394
2025-09-23 00:00:00+00:00,Retail,11854105.832292104,21788,21788
2025-09-23 00:00:00+00:00,Whale,682757176.1439497,2219,2219
2025-09-24 00:00:00+00:00,Mid,30533043.888333466,3571,3571
2025-09-24 00:00:00+00:00,Retail,11836409.373600889,22455,22455
2025-09-24 00:00:00+00:00,Whale,1017873851.5177356,2398,2398
2025-09-25 00:00:00+00:00,Mid,55353462.02566856,4871,4871
2025-09-25 00:00:00+00:00,Retail,14770808.348357592,19638,19638
2025-09-25 00:00:00+00:00,Whale,1723075343.6281326,3358,3358
2025-09-26 00:00:00+00:00,Mid,30986725.710589252,3578,3578
2025-09-26 00:00:00+00:00,Retail,11451559.277812054,19825,19825
2025-09-26 00:00:00+00:00,Whale,861206842.883749,2571,2571
2025-09-27 00:00:00+00:00,Mid,27799519.273074318,3253,3253
2025-09-27 00:00:00+00:00,Retail,13749211.826627642,23632,23632
2025-09-27 00:00:00+00:00,Whale,510379939.68424296,2099,2099
2025-09-28 00:00:00+00:00,Mid,19708236.746886764,2930,2930
2025-09-28 00:00:00+00:00,Retail,10370489.441443544,21190,21190
2025-09-28 00:00:00+00:00,Whale,472354262.8942023,2058,2058
2025-09-29 00:00:00+00:00,Mid,40579543.67557696,4562,4562
2025-09-29 00:00:00+00:00,Retail,18354451.243960105,23243,23243
2025-09-29 00:00:00+00:00,Whale,767459920.0091287,2612,2612
2025-09-30 00:00:00+00:00,Mid,30824558.613427993,4100,4100
2025-09-30 00:00:00+00:00,Retail,13023380.881255154,22713,22713
2025-09-30 00:00:00+00:00,Whale,736946549.226333,2437,2437
2025-10-01 00:00:00+00:00,Mid,30056693.552231956,3957,3957
2025-10-01 00:00:00+00:00,Retail,12276759.098048167,20994,20994
2025-10-01 00:00:00+00:00,Whale,715983149.0581565,2458,2458
2025-10-02 00:00:00+00:00,Mid,34758871.67258692,4287,4287
2025-10-02 00:00:00+00:00,Retail,13669297.846190313,21982,21982
2025-10-02 00:00:00+00:00,Whale,879819729.2505586,2593,2593
2025-10-03 00:00:00+00:00,Mid,33168766.197146546,4138,4138
2025-10-03 00:00:00+00:00,Retail,13273365.41778158,21612,21612
2025-10-03 00:00:00+00:00,Whale,880962572.8851084,2523,2523
2025-10-04 00:00:00+00:00,Mid,22047129.467866838,3487,3487
2025-10-04 00:00:00+00:00,Retail,11633192.017664077,22182,22182
2025-10-04 00:00:00+00:00,Whale,395400154.84867245,2128,2128
2025-10-05 00:00:00+00:00,Mid,25176350.52028824,3712,3712
2025-10-05 00:00:00+00:00,Retail,11934238.533088043,21219,21219
2025-10-05 00:00:00+00:00,Whale,587938097.7101213,2316,2316
2025-10-06 00:00:00+00:00,Mid,43785635.5776002,4869,4869
2025-10-06 00:00:00+00:00,Retail,16929589.80885634,22463,22463
2025-10-06 00:00:00+00:00,Whale,857811768.9552895,2695,2695
2025-10-07 00:00:00+00:00,Mid,37136974.10036831,4652,4652
2025-10-07 00:00:00+00:00,Retail,14675633.694269195,22661,22661
2025-10-07 00:00:00+00:00,Whale,1050049855.04607,2663,2663
2025-10-08 00:00:00+00:00,Mid,27935118.571951605,3914,3914
2025-10-08 00:00:00+00:00,Retail,12485666.843991928,21987,21987
2025-10-08 00:00:00+00:00,Whale,735615237.0166876,2430,2430
2025-10-09 00:00:00+00:00,Mid,34407593.740840055,4298,4298
2025-10-09 00:00:00+00:00,Retail,12262379.325940378,19531,19531
2025-10-09 00:00:00+00:00,Whale,933998359.106414,2682,2682
2025-10-10 00:00:00+00:00,Mid,54151089.28208475,5085,5085
2025-10-10 00:00:00+00:00,Retail,13668167.084007625,18150,18150
2025-10-10 00:00:00+00:00,Whale,2452641915.2619815,3547,3547
2025-10-11 00:00:00+00:00,Mid,48508469.166128,5240,5240
2025-10-11 00:00:00+00:00,Retail,16392176.568180606,21314,21314
2025-10-11 00:00:00+00:00,Whale,1195765593.1436653,3321,3321
2025-10-12 00:00:00+00:00,Mid,33680110.39591468,4221,4221
2025-10-12 00:00:00+00:00,Retail,11577731.402727332,18400,18400
2025-10-12 00:00:00+00:00,Whale,1154538971.0503266,2958,2958
2025-10-13 00:00:00+00:00,Mid,27707139.21363048,3809,3809
2025-10-13 00:00:00+00:00,Retail,10492592.872305943,17194,17194
2025-10-13 00:00:00+00:00,Whale,1001100393.450525,2864,2864
2025-10-14 00:00:00+00:00,Mid,34873148.28276423,4186,4186
2025-10-14 00:00:00+00:00,Retail,11301058.831068275,17642,17642
2025-10-14 00:00:00+00:00,Whale,1308456506.8512695,3108,3108
2025-10-15 00:00:00+00:00,Mid,32817524.665969055,4153,4153
2025-10-15 00:00:00+00:00,Retail,12642480.758912321,17546,17546
2025-10-15 00:00:00+00:00,Whale,1003604511.3822774,2903,2903
2025-10-16 00:00:00+00:00,Mid,31125137.61582672,3953,3953
2025-10-16 00:00:00+00:00,Retail,11130939.458257696,16812,16812
2025-10-16 00:00:00+00:00,Whale,1019950566.9033141,2938,2938
2025-10-17 00:00:00+00:00,Mid,42683945.44912609,4655,4655
2025-10-17 00:00:00+00:00,Retail,12841467.298799267,16931,16931
2025-10-17 00:00:00+00:00,Whale,1184792009.5828445,3182,3182
2025-10-18 00:00:00+00:00,Mid,14829217.23093797,2644,2644
2025-10-18 00:00:00+00:00,Retail,8515098.07155692,15649,15649
2025-10-18 00:00:00+00:00,Whale,435220489.70481503,2151,2151
2025-10-19 00:00:00+00:00,Mid,16568256.699435562,2887,2887
2025-10-19 00:00:00+00:00,Retail,9155315.705921948,15167,15167
2025-10-19 00:00:00+00:00,Whale,642275810.0180882,2416,2416
2025-10-20 00:00:00+00:00,Mid,21300970.79198386,3399,3399
2025-10-20 00:00:00+00:00,Retail,8939077.450294185,15613,15613
2025-10-20 00:00:00+00:00,Whale,719703453.8508945,2612,2612
2025-10-21 00:00:00+00:00,Mid,24742658.1109741,3664,3664
2025-10-21 00:00:00+00:00,Retail,9380266.054842483,16300,16300
2025-10-21 00:00:00+00:00,Whale,1108076942.7738807,2842,2842
2025-10-22 00:00:00+00:00,Mid,23204840.298156206,3551,3551
2025-10-22 00:00:00+00:00,Retail,9777690.300213102,17779,17779
2025-10-22 00:00:00+00:00,Whale,856540163.0429155,2791,2791
2025-10-23 00:00:00+00:00,Mid,18752738.833365478,3133,3133
2025-10-23 00:00:00+00:00,Retail,8141801.323247103,17366,17366
2025-10-23 00:00:00+00:00,Whale,622708409.6362944,2418,2418
2025-10-24 00:00:00+00:00,Mid,19351290.19236845,3231,3231
2025-10-24 00:00:00+00:00,Retail,8496910.063822968,17253,17253
2025-10-24 00:00:00+00:00,Whale,675587707.4861012,2458,2458
2025-10-25 00:00:00+00:00,Mid,12212001.052990265,2549,2549
2025-10-25 00:00:00+00:00,Retail,6923502.504334874,16424,16424
2025-10-25 00:00:00+00:00,Whale,368742675.04682857,1892,1892
2025-10-26 00:00:00+00:00,Mid,16847375.054055,3001,3001
2025-10-26 00:00:00+00:00,Retail,8014940.063378719,16328,16328
2025-10-26 00:00:00+00:00,Whale,517674223.7108316,2416,2416
2025-10-27 00:00:00+00:00,Mid,32065396.5091483,4431,4431
2025-10-27 00:00:00+00:00,Retail,16022131.496911947,19948,19948
2025-10-27 00:00:00+00:00,Whale,724453121.577849,2599,2599
2025-10-28 00:00:00+00:00,Mid,26970432.92043899,3789,3789
2025-10-28 00:00:00+00:00,Retail,11018731.150158396,17721,17721
2025-10-28 00:00:00+00:00,Whale,714212176.1880443,2484,2484
2025-10-29 00:00:00+00:00,Mid,23511159.743200168,3446,3446
2025-10-29 00:00:00+00:00,Retail,9487137.185935242,17531,17531
2025-10-29 00:00:00+00:00,Whale,787489928.3132932,2651,2651
2025-10-30 00:00:00+00:00,Mid,29961111.754786886,4096,4096
2025-10-30 00:00:00+00:00,Retail,11063641.650253182,16873,16873
2025-10-30 00:00:00+00:00,Whale,934528537.4337009,2918,2918
2025-10-31 00:00:00+00:00,Mid,18797526.431808397,3078,3078
2025-10-31 00:00:00+00:00,Retail,7538808.414533145,15393,15393
2025-10-31 00:00:00+00:00,Whale,716518774.0109934,2423,2423
2025-11-01 00:00:00+00:00,Mid,13848010.561748695,2683,2683
2025-11-01 00:00:00+00:00,Retail,6769976.170410232,14594,14594
2025-11-01 00:00:00+00:00,Whale,267210991.92750704,1993,1993
2025-11-02 00:00:00+00:00,Mid,13805086.020950157,2593,2593
2025-11-02 00:00:00+00:00,Retail,6432546.05882979,13911,13911
2025-11-02 00:00:00+00:00,Whale,328417838.5889306,2016,2016
2025-11-03 00:00:00+00:00,Mid,30297992.97963977,4176,4176
2025-11-03 00:00:00+00:00,Retail,10410877.748508552,15529,15529
2025-11-03 00:00:00+00:00,Whale,1041358648.3673539,3016,3016
2025-11-04 00:00:00+00:00,Mid,55154448.000402,5259,5259
2025-11-04 00:00:00+00:00,Retail,14097187.846181855,16002,16002
2025-11-04 00:00:00+00:00,Whale,1729510454.4397998,3724,3724
2025-11-05 00:00:00+00:00,Mid,28729418.49814995,3928,3928
2025-11-05 00:00:00+00:00,Retail,10113093.674411496,16257,16257
2025-11-05 00:00:00+00:00,Whale,816212294.7355853,2871,2871
2025-11-06 00:00:00+00:00,Mid,24806242.48768315,3303,3303
2025-11-06 00:00:00+00:00,Retail,8778692.225925818,15152,15152
2025-11-06 00:00:00+00:00,Whale,648335577.518824,2516,2516
2025-11-07 00:00:00+00:00,Mid,26443221.774651833,3912,3912
2025-11-07 00:00:00+00:00,Retail,10330460.985440306,14720,14720
2025-11-07 00:00:00+00:00,Whale,958595597.5353445,2914,2914
2025-11-08 00:00:00+00:00,Mid,13977444.780315325,2838,2838
2025-11-08 00:00:00+00:00,Retail,6708083.458407918,15216,15216
2025-11-08 00:00:00+00:00,Whale,452945382.35888964,2342,2342
2025-11-09 00:00:00+00:00,Mid,13752325.416989302,2748,2748
2025-11-09 00:00:00+00:00,Retail,6620723.323160736,14047,14047
2025-11-09 00:00:00+00:00,Whale,488025583.4187844,2454,2454
2025-11-10 00:00:00+00:00,Mid,20739936.31403845,3595,3595
2025-11-10 00:00:00+00:00,Retail,8701627.367909506,15885,15885
2025-11-10 00:00:00+00:00,Whale,652860174.1956133,2692,2692
2025-11-11 00:00:00+00:00,Mid,18917241.31894554,3298,3298
2025-11-11 00:00:00+00:00,Retail,7591416.844286439,14864,14864
2025-11-11 00:00:00+00:00,Whale,713689869.5442636,2615,2615
2025-11-12 00:00:00+00:00,Mid,17326237.972031925,2986,2986
2025-11-12 00:00:00+00:00,Retail,7132959.670666915,14575,14575
2025-11-12 00:00:00+00:00,Whale,626050361.5231478,2481,2481
2025-11-13 00:00:00+00:00,Mid,23628579.865999434,3672,3672
2025-11-13 00:00:00+00:00,Retail,9099499.689490424,15073,15073
2025-11-13 00:00:00+00:00,Whale,959404821.3027629,2855,2855
2025-11-14 00:00:00+00:00,Mid,30801382.863339663,3934,3934
2025-11-14 00:00:00+00:00,Retail,10914056.529842744,15084,15084
2025-11-14 00:00:00+00:00,Whale,1143914770.3842552,3058,3058
2025-11-15 00:00:00+00:00,Mid,14318803.655336432,2692,2692
2025-11-15 00:00:00+00:00,Retail,7177856.655622658,14819,14819
2025-11-15 00:00:00+00:00,Whale,387795128.54480445,2226,2226
2025-11-16 00:00:00+00:00,Mid,29006617.394673385,3434,3434
2025-11-16 00:00:00+00:00,Retail,9140817.711216789,14699,14699
2025-11-16 00:00:00+00:00,Whale,717873193.7481496,2617,2617
2025-11-17 00:00:00+00:00,Mid,37743568.80754857,4354,4354
2025-11-17 00:00:00+00:00,Retail,10890479.141281793,16531,16531
2025-11-17 00:00:00+00:00,Whale,933600748.1794726,3007,3007
2025-11-18 00:00:00+00:00,Mid,40697254.25043381,4491,4491
2025-11-18 00:00:00+00:00,Retail,11666188.030028194,16591,16591
2025-11-18 00:00:00+00:00,Whale,892168844.5070063,3027,3027
2025-11-19 00:00:00+00:00,Mid,42666448.465294756,4684,4684
2025-11-19 00:00:00+00:00,Retail,16752718.8057198,16773,16773
2025-11-19 00:00:00+00:00,Whale,907289674.8520947,3146,3146
2025-11-20 00:00:00+00:00,Mid,50840890.15327985,5213,5213
2025-11-20 00:00:00+00:00,Retail,18189211.371191885,15778,15778
2025-11-20 00:00:00+00:00,Whale,958457593.3280104,3193,3193
2025-11-21 00:00:00+00:00,Mid,37002369.923516944,4338,4338
2025-11-21 00:00:00+00:00,Retail,11324206.934958067,15302,15302
2025-11-21 00:00:00+00:00,Whale,1302087471.137477,3505,3505
2025-11-22 00:00:00+00:00,Mid,11180191.534556864,2590,2590
2025-11-22 00:00:00+00:00,Retail,5665633.492916878,13242,13242
2025-11-22 00:00:00+00:00,Whale,335730685.93740535,2378,2378
2025-11-23 00:00:00+00:00,Mid,10263121.947943877,2462,2462
2025-11-23 00:00:00+00:00,Retail,5515236.143234526,12341,12341
2025-11-23 00:00:00+00:00,Whale,386097843.2385213,2332,2332
2025-11-24 00:00:00+00:00,Mid,14616203.447246576,4317,4317
2025-11-24 00:00:00+00:00,Retail,6971889.410488288,14626,14626
2025-11-24 00:00:00+00:00,Whale,487969329.6853465,2724,2724
2025-11-25 00:00:00+00:00,Mid,15498286.629638972,3135,3135
2025-11-25 00:00:00+00:00,Retail,6873365.665178268,14499,14499
2025-11-25 00:00:00+00:00,Whale,433939201.0469772,2583,2583
2025-11-26 00:00:00+00:00,Mid,14277892.873463422,3157,3157
2025-11-26 00:00:00+00:00,Retail,6534995.261813896,14136,14136
2025-11-26 00:00:00+00:00,Whale,424163279.4829878,2635,2635
2025-11-27 00:00:00+00:00,Mid,16011356.433736108,2964,2964
2025-11-27 00:00:00+00:00,Retail,5862776.115153917,14334,14334
2025-11-27 00:00:00+00:00,Whale,436500261.34362835,2481,2481
2025-11-28 00:00:00+00:00,Mid,15633710.28628133,3025,3025
2025-11-28 00:00:00+00:00,Retail,7109851.851941774,16254,16254
2025-11-28 00:00:00+00:00,Whale,410249177.62113297,2442,2442
2025-11-29 00:00:00+00:00,Mid,9877392.452128574,2337,2337
2025-11-29 00:00:00+00:00,Retail,4917137.514600883,12675,12675
2025-11-29 00:00:00+00:00,Whale,250688974.71478236,2052,2052
2025-11-30 00:00:00+00:00,Mid,9684251.717482755,2333,2333
2025-11-30 00:00:00+00:00,Retail,4611167.754695331,11671,11671
2025-11-30 00:00:00+00:00,Whale,221924532.49860367,2002,2002
2025-12-01 00:00:00+00:00,Mid,20992696.177217357,3649,3649
2025-12-01 00:00:00+00:00,Retail,8458419.060135722,16113,16113
2025-12-01 00:00:00+00:00,Whale,715219566.6329296,3015,3015
2025-12-02 00:00:00+00:00,Mid,15298264.410135984,3114,3114
2025-12-02 00:00:00+00:00,Retail,7276895.628726256,15801,15801
2025-12-02 00:00:00+00:00,Whale,501320104.1720489,2742,2742
2025-12-03 00:00:00+00:00,Mid,18343366.998304576,3371,3371
2025-12-03 00:00:00+00:00,Retail,7547965.464808526,15939,15939
2025-12-03 00:00:00+00:00,Whale,496131787.5895533,2823,2823
2025-12-04 00:00:00+00:00,Mid,16384961.91018964,3039,3039
2025-12-04 00:00:00+00:00,Retail,6836661.822827862,14509,14509
2025-12-04 00:00:00+00:00,Whale,451185824.73384565,2572,2572
2025-12-05 00:00:00+00:00,Mid,14713437.900540842,2965,2965
2025-12-05 00:00:00+00:00,Retail,6235276.35398967,15192,15192
2025-12-05 00:00:00+00:00,Whale,489925644.3261811,2541,2541
2025-12-06 00:00:00+00:00,Mid,8219054.779495924,2256,2256
2025-12-06 00:00:00+00:00,Retail,4564370.083037118,12236,12236
2025-12-06 00:00:00+00:00,Whale,178971264.31927305,1989,1989
2025-12-07 00:00:00+00:00,Mid,8553112.059426103,2043,2043
2025-12-07 00:00:00+00:00,Retail,4177264.6103340415,8875,8875
2025-12-07 00:00:00+00:00,Whale,364565267.8704293,2179,2179
2025-12-08 00:00:00+00:00,Mid,11793198.210662033,2426,2426
2025-12-08 00:00:00+00:00,Retail,5105451.588218487,10619,10619
2025-12-08 00:00:00+00:00,Whale,418096395.3294275,2232,2232
2025-12-09 00:00:00+00:00,Mid,16509415.606966764,2985,2985
2025-12-09 00:00:00+00:00,Retail,6460526.526138402,11242,11242
2025-12-09 00:00:00+00:00,Whale,611484092.1342385,2596,2596
2025-12-10 00:00:00+00:00,Mid,15841798.220043525,3103,3103
2025-12-10 00:00:00+00:00,Retail,6368762.821328108,20078,20078
2025-12-10 00:00:00+00:00,Whale,582017177.9171066,2590,2590
2025-12-11 00:00:00+00:00,Mid,13664408.989471877,3006,3006
2025-12-11 00:00:00+00:00,Retail,6221415.520513272,13392,13392
2025-12-11 00:00:00+00:00,Whale,552508312.4092517,2583,2583
2025-12-12 00:00:00+00:00,Mid,12780640.210690266,2724,2724
2025-12-12 00:00:00+00:00,Retail,5620235.737442964,11731,11731
2025-12-12 00:00:00+00:00,Whale,411763300.08453554,2520,2520
2025-12-13 00:00:00+00:00,Mid,8902900.519460397,2167,2167
2025-12-13 00:00:00+00:00,Retail,4768880.339626652,11254,11254
2025-12-13 00:00:00+00:00,Whale,181582358.8707465,1954,1954
2025-12-14 00:00:00+00:00,Mid,8651007.275140999,2320,2320
2025-12-14 00:00:00+00:00,Retail,4385096.081814888,10413,10413
2025-12-14 00:00:00+00:00,Whale,226706687.60027322,2131,2131
2025-12-15 00:00:00+00:00,Mid,15712432.00034621,3107,3107
2025-12-15 00:00:00+00:00,Retail,6937366.072742827,13138,13138
2025-12-15 00:00:00+00:00,Whale,509856675.9129196,2806,2806
2025-12-16 00:00:00+00:00,Mid,13595126.577568674,2876,2876
2025-12-16 00:00:00+00:00,Retail,6536320.4365196135,13040,13040
2025-12-16 00:00:00+00:00,Whale,406051456.27397853,2573,2573
2025-12-17 00:00:00+00:00,Mid,15990155.778046608,3035,3035
2025-12-17 00:00:00+00:00,Retail,7119429.335559663,12929,12929
2025-12-17 00:00:00+00:00,Whale,552334497.8783934,2620,2620
2025-12-18 00:00:00+00:00,Mid,15760122.446567258,3106,3106
2025-12-18 00:00:00+00:00,Retail,6507085.709248004,12497,12497
2025-12-18 00:00:00+00:00,Whale,579944163.6261824,2748,2748
2025-12-19 00:00:00+00:00,Mid,13106091.535445496,3006,3006
2025-12-19 00:00:00+00:00,Retail,6257588.944292721,15099,15099
2025-12-19 00:00:00+00:00,Whale,529608460.34886634,2506,2506
2025-12-20 00:00:00+00:00,Mid,6194307.833339445,2052,2052
2025-12-20 00:00:00+00:00,Retail,4426788.821999217,12397,12397
2025-12-20 00:00:00+00:00,Whale,137754221.25976336,1771,1771
2025-12-21 00:00:00+00:00,Mid,7433735.087911704,1985,1985
2025-12-21 00:00:00+00:00,Retail,3588429.1331702266,10529,10529
2025-12-21 00:00:00+00:00,Whale,223112164.6035401,1972,1972
2025-12-22 00:00:00+00:00,Mid,12699588.60226487,2615,2615
2025-12-22 00:00:00+00:00,Retail,5381220.1049813,12280,12280
2025-12-22 00:00:00+00:00,Whale,398227411.9282037,2165,2165
2025-12-23 00:00:00+00:00,Mid,10329328.418506071,2446,2446
2025-12-23 00:00:00+00:00,Retail,5044369.511895939,11968,11968
2025-12-23 00:00:00+00:00,Whale,348140390.7296113,2054,2054
2025-12-24 00:00:00+00:00,Mid,11692364.160196437,2392,2392
2025-12-24 00:00:00+00:00,Retail,4488158.354046927,10985,10985
2025-12-24 00:00:00+00:00,Whale,233720798.26057756,1847,1847
2025-12-25 00:00:00+00:00,Mid,7091621.979522781,1912,1912
2025-12-25 00:00:00+00:00,Retail,3692426.4589072866,9925,9925
2025-12-25 00:00:00+00:00,Whale,169411532.50209078,1731,1731
2025-12-26 00:00:00+00:00,Mid,10528898.127106871,2384,2384
2025-12-26 00:00:00+00:00,Retail,4262235.6430219,11176,11176
2025-12-26 00:00:00+00:00,Whale,313399575.3886803,1939,1939
2025-12-27 00:00:00+00:00,Mid,6655689.987860869,1930,1930
2025-12-27 00:00:00+00:00,Retail,3825649.815788501,10471,10471
2025-12-27 00:00:00+00:00,Whale,114493233.38741691,1582,1582
2025-12-28 00:00:00+00:00,Mid,7198349.2296328135,1934,1934
2025-12-28 00:00:00+00:00,Retail,3567897.822487287,10006,10006
2025-12-28 00:00:00+00:00,Whale,157293607.3491205,1672,1672
2025-12-29 00:00:00+00:00,Mid,12809755.220183665,2671,2671
2025-12-29 00:00:00+00:00,Retail,5226191.425608985,11263,11263
2025-12-29 00:00:00+00:00,Whale,449269727.02373046,2100,2100
2025-12-30 00:00:00+00:00,Mid,12039755.91110003,2595,2595
2025-12-30 00:00:00+00:00,Retail,5779539.275269407,12148,12148
2025-12-30 00:00:00+00:00,Whale,305549373.79500717,1914,1914
2025-12-31 00:00:00+00:00,Mid,13877422.083155775,2651,2651
2025-12-31 00:00:00+00:00,Retail,5792519.136709192,11896,11896
2025-12-31 00:00:00+00:00,Whale,259932152.09204373,1984,1984
2026-01-01 00:00:00+00:00,Mid,10794748.025011571,2439,2439
2026-01-01 00:00:00+00:00,Retail,4583919.665690452,10354,10354
2026-01-01 00:00:00+00:00,Whale,147619466.12770852,1699,1699
2026-01-02 00:00:00+00:00,Mid,16663227.013168694,3076,3076
2026-01-02 00:00:00+00:00,Retail,5729644.714404805,11915,11915
2026-01-02 00:00:00+00:00,Whale,409740042.84050715,2106,2106
2026-01-03 00:00:00+00:00,Mid,10375168.375360651,2628,2628
2026-01-03 00:00:00+00:00,Retail,4710944.5868740985,11469,11469
2026-01-03 00:00:00+00:00,Whale,195570256.48623502,1803,1803
2026-01-04 00:00:00+00:00,Mid,10295284.174113724,2687,2687
2026-01-04 00:00:00+00:00,Retail,8145736.987140856,14419,14419
2026-01-04 00:00:00+00:00,Whale,224508792.31588814,1871,1871
2026-01-05 00:00:00+00:00,Mid,16262173.565826796,3255,3255
2026-01-05 00:00:00+00:00,Retail,10248322.349269954,15892,15892
2026-01-05 00:00:00+00:00,Whale,452519091.4885249,2213,2213
2026-01-06 00:00:00+00:00,Mid,18117545.559923194,3507,3507
2026-01-06 00:00:00+00:00,Retail,9741501.525851471,17695,17695
2026-01-06 00:00:00+00:00,Whale,500679216.89191043,2413,2413
2026-01-07 00:00:00+00:00,Mid,16767334.689973984,3324,3324
2026-01-07 00:00:00+00:00,Retail,10333859.645753698,16285,16285
2026-01-07 00:00:00+00:00,Whale,414563435.0475824,2172,2172
2026-01-08 00:00:00+00:00,Mid,14924310.191872373,3153,3153
2026-01-08 00:00:00+00:00,Retail,10584235.570343187,17321,17321
2026-01-08 00:00:00+00:00,Whale,424972437.0613664,2291,2291
2026-01-09 00:00:00+00:00,Mid,12097779.30073509,2824,2824
2026-01-09 00:00:00+00:00,Retail,9032710.624918938,18060,18060
2026-01-09 00:00:00+00:00,Whale,364341346.38516796,2117,2117
2026-01-10 00:00:00+00:00,Mid,7938512.815360503,2346,2346
2026-01-10 00:00:00+00:00,Retail,11907119.538459979,18609,18609
2026-01-10 00:00:00+00:00,Whale,105343691.90749143,1691,1691
2026-01-11 00:00:00+00:00,Mid,9926827.184727903,2288,2288
2026-01-11 00:00:00+00:00,Retail,12016155.874678832,15703,15703
2026-01-11 00:00:00+00:00,Whale,281971018.47188145,1884,1884
2026-01-12 00:00:00+00:00,Mid,15178953.610697957,2903,2903
2026-01-12 00:00:00+00:00,Retail,6943707.891125255,12920,12920
2026-01-12 00:00:00+00:00,Whale,392205831.92479974,2246,2246
2026-01-13 00:00:00+00:00,Mid,17441766.870406833,3126,3126
2026-01-13 00:00:00+00:00,Retail,6327721.523766246,12791,12791
2026-01-13 00:00:00+00:00,Whale,509073598.4522765,2352,2352
2026-01-14 00:00:00+00:00,Mid,19968322.191081963,3474,3474
2026-01-14 00:00:00+00:00,Retail,9431300.411799725,17296,17296
2026-01-14 00:00:00+00:00,Whale,568940809.7373654,2451,2451
2026-01-15 00:00:00+00:00,Mid,16990687.763749506,3316,3316
2026-01-15 00:00:00+00:00,Retail,9224524.340132013,15862,15862
2026-01-15 00:00:00+00:00,Whale,448111368.51307774,2286,2286
2026-01-16 00:00:00+00:00,Mid,13328482.43717367,3021,3021
2026-01-16 00:00:00+00:00,Retail,8385893.449583091,14282,14282
2026-01-16 00:00:00+00:00,Whale,301801682.8401103,2042,2042
2026-01-17 00:00:00+00:00,Mid,8833285.560778685,2267,2267
2026-01-17 00:00:00+00:00,Retail,4382149.547657495,11116,11116
2026-01-17 00:00:00+00:00,Whale,159509423.10241327,1716,1716
2026-01-18 00:00:00+00:00,Mid,9804723.831904272,2342,2342
2026-01-18 00:00:00+00:00,Retail,4910639.456144737,11438,11438
2026-01-18 00:00:00+00:00,Whale,196408346.69888097,1821,1821
2026-01-19 00:00:00+00:00,Mid,15990027.850878753,2998,2998
2026-01-19 00:00:00+00:00,Retail,8133069.432409682,13709,13709
2026-01-19 00:00:00+00:00,Whale,394324372.15488386,2325,2325
2026-01-20 00:00:00+00:00,Mid,21929581.94402847,3525,3525
2026-01-20 00:00:00+00:00,Retail,9506635.075492369,15906,15906
2026-01-20 00:00:00+00:00,Whale,563275706.2581545,2670,2670
2026-01-21 00:00:00+00:00,Mid,20668214.931380503,3519,3519
2026-01-21 00:00:00+00:00,Retail,7513003.333821654,14705,14705
2026-01-21 00:00:00+00:00,Whale,576913528.8295975,2510,2510
2026-01-22 00:00:00+00:00,Mid,14214686.979062295,2825,2825
2026-01-22 00:00:00+00:00,Retail,6822030.828351936,13389,13389
2026-01-22 00:00:00+00:00,Whale,389915514.01695526,2199,2199
2026-01-23 00:00:00+00:00,Mid,14212590.163927512,2670,2670
2026-01-23 00:00:00+00:00,Retail,5949016.558991061,12851,12851
2026-01-23 00:00:00+00:00,Whale,342559625.2264361,2130,2130
2026-01-24 00:00:00+00:00,Mid,11040408.939915681,2382,2382
2026-01-24 00:00:00+00:00,Retail,4940387.369525371,12323,12323
2026-01-24 00:00:00+00:00,Whale,143975585.42878684,1783,1783
2026-01-25 00:00:00+00:00,Mid,17922864.06625421,3144,3144
2026-01-25 00:00:00+00:00,Retail,6278714.153304968,12245,12245
2026-01-25 00:00:00+00:00,Whale,454796338.4885994,2289,2289
2026-01-26 00:00:00+00:00,Mid,18480666.09688446,3285,3285
2026-01-26 00:00:00+00:00,Retail,6925587.815249986,12093,12093
2026-01-26 00:00:00+00:00,Whale,451426773.2668093,2240,2240
2026-01-27 00:00:00+00:00,Mid,16846040.0650679,3033,3033
2026-01-27 00:00:00+00:00,Retail,6470620.724531104,14646,14646
2026-01-27 00:00:00+00:00,Whale,403932816.2602363,2202,2202
2026-01-28 00:00:00+00:00,Mid,19102827.277154233,3035,3035
2026-01-28 00:00:00+00:00,Retail,7053305.617431454,14578,14578
2026-01-28 00:00:00+00:00,Whale,428274989.3891846,2296,2296
2026-01-29 00:00:00+00:00,Mid,24901853.9023362,3741,3741
2026-01-29 00:00:00+00:00,Retail,7960472.933877936,13597,13597
2026-01-29 00:00:00+00:00,Whale,626555930.4623318,2679,2679
2026-01-30 00:00:00+00:00,Mid,28229795.88822614,3828,3828
2026-01-30 00:00:00+00:00,Retail,8862779.08261576,13835,13835
2026-01-30 00:00:00+00:00,Whale,805405839.5128452,2762,2762
2026-01-31 00:00:00+00:00,Mid,36040040.02356599,4290,4290
2026-01-31 00:00:00+00:00,Retail,9813137.04196687,14089,14089
2026-01-31 00:00:00+00:00,Whale,1344728604.289726,3133,3133
2026-02-01 00:00:00+00:00,Mid,24019029.3374424,3487,3487
2026-02-01 00:00:00+00:00,Retail,8690720.936519613,13477,13477
2026-02-01 00:00:00+00:00,Whale,737779711.4662921,2653,2653
2026-02-02 00:00:00+00:00,Mid,31194231.232385494,4096,4096
2026-02-02 00:00:00+00:00,Retail,10708144.693290805,14424,14424
2026-02-02 00:00:00+00:00,Whale,1000680435.1886735,2934,2934
2026-02-03 00:00:00+00:00,Mid,25946471.803622644,3654,3654
2026-02-03 00:00:00+00:00,Retail,8365909.888627464,13364,13364
2026-02-03 00:00:00+00:00,Whale,818504703.9034894,2747,2747
2026-02-04 00:00:00+00:00,Mid,22694261.027998082,3538,3538
2026-02-04 00:00:00+00:00,Retail,7713623.908523164,13276,13276
2026-02-04 00:00:00+00:00,Whale,1040061301.4087907,2732,2732
2026-02-05 00:00:00+00:00,Mid,51748639.22490243,5528,5528
2026-02-05 00:00:00+00:00,Retail,12389662.221398229,15753,15753
2026-02-05 00:00:00+00:00,Whale,2565471886.975708,3805,3805
2026-02-06 00:00:00+00:00,Mid,37289768.74435557,4712,4712
2026-02-06 00:00:00+00:00,Retail,9662204.754874185,15318,15318
2026-02-06 00:00:00+00:00,Whale,1702659507.7207658,3341,3341
2026-02-07 00:00:00+00:00,Mid,13106746.26880371,2574,2574
2026-02-07 00:00:00+00:00,Retail,4856646.35955456,11279,11279
2026-02-07 00:00:00+00:00,Whale,834897799.8411955,2323,2323
2026-02-08 00:00:00+00:00,Mid,11520852.037278382,2361,2361
2026-02-08 00:00:00+00:00,Retail,5169519.894239865,11160,11160
2026-02-08 00:00:00+00:00,Whale,526784017.2079609,2134,2134
2026-02-09 00:00:00+00:00,Mid,17194599.469781794,2623,2623
2026-02-09 00:00:00+00:00,Retail,5353994.757337776,11186,11186
2026-02-09 00:00:00+00:00,Whale,606539502.3942235,2325,2325
2026-02-10 00:00:00+00:00,Mid,17588123.010753863,2715,2715
2026-02-10 00:00:00+00:00,Retail,5038700.645195941,11401,11401
2026-02-10 00:00:00+00:00,Whale,524818692.12610924,2215,2215
2026-02-11 00:00:00+00:00,Mid,20270386.590135764,3149,3149
2026-02-11 00:00:00+00:00,Retail,5854737.342464605,12156,12156
2026-02-11 00:00:00+00:00,Whale,756327083.0577778,2454,2454
2026-02-12 00:00:00+00:00,Mid,17836939.68525374,3097,3097
2026-02-12 00:00:00+00:00,Retail,6284301.05616642,15079,15079
2026-02-12 00:00:00+00:00,Whale,593816292.001018,2391,2391
2026-02-13 00:00:00+00:00,Mid,13241144.463140132,2752,2752
2026-02-13 00:00:00+00:00,Retail,5432727.167834558,13318,13318
2026-02-13 00:00:00+00:00,Whale,584295965.5573052,2317,2317
2026-02-14 00:00:00+00:00,Mid,9709969.766165212,2392,2392
2026-02-14 00:00:00+00:00,Retail,4077466.6932481825,11863,11863
2026-02-14 00:00:00+00:00,Whale,271156019.0093508,2069,2069
2026-02-15 00:00:00+00:00,Mid,11900833.812610304,2399,2399
2026-02-15 00:00:00+00:00,Retail,4341431.034350786,11151,11151
2026-02-15 00:00:00+00:00,Whale,520729882.33070725,2072,2072
2026-02-16 00:00:00+00:00,Mid,9272574.164762115,2368,2368
2026-02-16 00:00:00+00:00,Retail,4417292.253923343,10592,10592
2026-02-16 00:00:00+00:00,Whale,449676909.18942475,2084,2084
2026-02-17 00:00:00+00:00,Mid,12197075.870705381,2565,2565
2026-02-17 00:00:00+00:00,Retail,4714026.228846717,10478,10478
2026-02-17 00:00:00+00:00,Whale,477265127.2616527,2094,2094
2026-02-18 00:00:00+00:00,Mid,12067511.665932741,2679,2679
2026-02-18 00:00:00+00:00,Retail,4763567.174696351,11310,11310
2026-02-18 00:00:00+00:00,Whale,488312007.288781,2141,2141
2026-02-19 00:00:00+00:00,Mid,15130737.508864319,2598,2598
2026-02-19 00:00:00+00:00,Retail,5563492.01012235,10989,10989
2026-02-19 00:00:00+00:00,Whale,596665932.1307538,2177,2177
2026-02-20 00:00:00+00:00,Mid,15768601.493011069,2852,2852
2026-02-20 00:00:00+00:00,Retail,4888930.1480397815,11465,11465
2026-02-20 00:00:00+00:00,Whale,566736660.2856693,2356,2356
2026-02-21 00:00:00+00:00,Mid,9353217.308160506,2082,2082
2026-02-21 00:00:00+00:00,Retail,3597927.4869728633,10256,10256
2026-02-21 00:00:00+00:00,Whale,258995850.80734098,1953,1953
2026-02-22 00:00:00+00:00,Mid,8680363.087832086,2155,2155
2026-02-22 00:00:00+00:00,Retail,3484722.84888023,9933,9933
2026-02-22 00:00:00+00:00,Whale,258702608.25916788,2030,2030
2026-02-23 00:00:00+00:00,Mid,14617863.680959178,3081,3081
2026-02-23 00:00:00+00:00,Retail,4999703.551767607,11721,11721
2026-02-23 00:00:00+00:00,Whale,621098146.5508382,2654,2654
2026-02-24 00:00:00+00:00,Mid,13618352.9195806,2871,2871
2026-02-24 00:00:00+00:00,Retail,4871786.2419333765,12016,12016
2026-02-24 00:00:00+00:00,Whale,476169661.9538624,2605,2605
2026-02-25 00:00:00+00:00,Mid,19517236.429584015,3531,3531
2026-02-25 00:00:00+00:00,Retail,5966628.317634602,12470,12470
2026-02-25 00:00:00+00:00,Whale,808736468.137283,2780,2780
2026-02-26 00:00:00+00:00,Mid,14506293.613810796,3148,3148
2026-02-26 00:00:00+00:00,Retail,5644742.457019184,14456,14456
2026-02-26 00:00:00+00:00,Whale,614591540.2560172,2572,2572
2026-02-27 00:00:00+00:00,Mid,12444042.564278686,2876,2876
2026-02-27 00:00:00+00:00,Retail,4846550.574579818,11849,11849
2026-02-27 00:00:00+00:00,Whale,584392503.858665,2466,2466
2026-02-28 00:00:00+00:00,Mid,15808372.80987646,3067,3067
2026-02-28 00:00:00+00:00,Retail,5407938.382421572,11477,11477
2026-02-28 00:00:00+00:00,Whale,587653889.0062021,2551,2551
2026-03-01 00:00:00+00:00,Mid,15276829.29949941,2658,2658
2026-03-01 00:00:00+00:00,Retail,4987516.676203166,10649,10649
2026-03-01 00:00:00+00:00,Whale,720158659.4645464,2287,2287
2026-03-02 00:00:00+00:00,Mid,2729777.5147131374,719,719
2026-03-02 00:00:00+00:00,Retail,720577.9991755453,1875,1875
2026-03-02 00:00:00+00:00,Whale,137055849.24386188,1305,1305
